"","colnames.df2."
"1","CASEID"
"2","V1"
"3","V3"
"4","V4"
"5","V5"
"6","V501"
"7","V507"
"8","V508"
"9","V509"
"10","V7101"
"11","V7104"
"12","V7105"
"13","V7112"
"14","V7115"
"15","V7118"
"16","V7127"
"17","V7097"
"18","V7133"
"19","V7139"
"20","V7142"
"21","V8451"
"22","V7426"
"23","V7121"
"24","V7124"
"25","V7164"
"26","V7145"
"27","V7109"
"28","V7152"
"29","V7155"
"30","V7158"
"31","V7161"
"32","V7601"
"33","V8480"
"34","V7106"
"35","V7113"
"36","V7116"
"37","V7119"
"38","V7128"
"39","V7098"
"40","V7134"
"41","V7140"
"42","V7143"
"43","V8452"
"44","V7122"
"45","V7125"
"46","V7165"
"47","V7146"
"48","V7110"
"49","V7153"
"50","V7156"
"51","V7159"
"52","V7162"
"53","V7602"
"54","V7487"
"55","V7488"
"56","V7489"
"57","V7491"
"58","V7492"
"59","V8481"
"60","V7495"
"61","V7554"
"62","V7561"
"63","V7564"
"64","V7566"
"65","V7568"
"66","V7569"
"67","V7567"
"68","V7102"
"69","V7107"
"70","V7114"
"71","V7117"
"72","V7120"
"73","V7129"
"74","V7099"
"75","V7135"
"76","V7141"
"77","V7144"
"78","V8453"
"79","V7427"
"80","V7123"
"81","V7126"
"82","V7166"
"83","V7147"
"84","V7111"
"85","V7154"
"86","V7157"
"87","V7160"
"88","V7163"
"89","V7603"
"90","V8482"
"91","V7108"
"92","V8454"
"93","V7442"
"94","V7441"
"95","V8413"
"96","V7443"
"97","V7444"
"98","V7445"
"99","V8417"
"100","V8418"
"101","V8419"
"102","V8483"
"103","V8421"
"104","V7446"
"105","V7447"
"106","V8424"
"107","V8425"
"108","V7448"
"109","V7449"
"110","V8564"
"111","V7548"
"112","V7103"
"113","V7180"
"114","V7181"
"115","V7475"
"116","V7476"
"117","V7477"
"118","V7478"
"119","V7479"
"120","V7480"
"121","V7547"
"122","V7549"
"123","V7550"
"124","V7176"
"125","V7587"
"126","V7557"
"127","V7558"
"128","V7559"
"129","V7560"
"130","V7428"
"131","V7432"
"132","V7433"
"133","V7435"
"134","V7430"
"135","V7431"
"136","V7434"
"137","V7429"
"138","V7436"
"139","V8473"
"140","V8474"
"141","V8475"
"142","V7437"
"143","V7438"
"144","V7439"
"145","V7440"
"146","V7414"
"147","V7415"
"148","V7416"
"149","V7417"
"150","V7494"
"151","V7419"
"152","V7420"
"153","V7421"
"154","V7422"
"155","V7423"
"156","V7412"
"157","V7413"
"158","V7490"
"159","V7425"
"160","V7424"
"161","V8544"
"162","V8477"
"163","V7167"
"164","V7168"
"165","V7169"
"166","V7170"
"167","V7171"
"168","V7172"
"169","V7173"
"170","V7174"
"171","V7175"
"172","V7177"
"173","V7178"
"174","V7179"
"175","V7199"
"176","V7200"
"177","V7185"
"178","V7458"
"179","V7186"
"180","V7187"
"181","V7188"
"182","V7184"
"183","V7451"
"184","V7452"
"185","V7453"
"186","V7454"
"187","V7455"
"188","V7456"
"189","V7457"
"190","V8441"
"191","V8442"
"192","V8443"
"193","V8444"
"194","V8445"
"195","V8446"
"196","V8447"
"197","V8476"
"198","V8540"
"199","V8541"
"200","V8542"
"201","V7481"
"202","V7183"
"203","V7459"
"204","V7460"
"205","V7461"
"206","V7462"
"207","V7463"
"208","V7464"
"209","V7465"
"210","V7466"
"211","V7467"
"212","V7468"
"213","V7469"
"214","V7470"
"215","V7471"
"216","V7472"
"217","V7473"
"218","V7474"
"219","V7182"
"220","V7403"
"221","V7404"
"222","V8455"
"223","V7405"
"224","V7406"
"225","V7407"
"226","V7408"
"227","V7409"
"228","V7410"
"229","V7411"
"230","V7482"
"231","V8401"
"232","V8402"
"233","V8403"
"234","V8404"
"235","V7701"
"236","V7702"
"237","V7703"
"238","V7704"
"239","V7705"
"240","V7714"
"241","V7715"
"242","V8478"
"243","V7570"
"244","V7344"
"245","V7345"
"246","V7346"
"247","V7347"
"248","V7348"
"249","V7349"
"250","V7350"
"251","V7351"
"252","V7352"
"253","V7353"
"254","V7354"
"255","V7355"
"256","V7356"
"257","V7357"
"258","V8547"
"259","V8548"
"260","V7540"
"261","V7541"
"262","V8562"
"263","V8563"
"264","V8456"
"265","V8457"
"266","V8458"
"267","V8459"
"268","V8460"
"269","V8461"
"270","V8462"
"271","V7718"
"272","V7716"
"273","V7717"
"274","V7719"
"275","V7720"
"276","V7721"
"277","V7359"
"278","V7360"
"279","V7361"
"280","V7362"
"281","V7363"
"282","V8545"
"283","V8546"
"284","V7364"
"285","V7365"
"286","V7366"
"287","V7367"
"288","V7368"
"289","V7369"
"290","V7370"
"291","V8560"
"292","V8561"
"293","V7371"
"294","V7372"
"295","V7542"
"296","V7543"
"297","V7377"
"298","V7577"
"299","V7578"
"300","V7571"
"301","V7572"
"302","V7573"
"303","V7574"
"304","V7575"
"305","V7576"
"306","V7579"
"307","V7580"
"308","V7581"
"309","V7582"
"310","V7583"
"311","V7584"
"312","V7585"
"313","V7586"
"314","V7710"
"315","V7711"
"316","V7712"
"317","V7713"
"318","V7706"
"319","V7707"
"320","V7708"
"321","V7709"
"322","V7189"
"323","V7190"
"324","V7191"
"325","V7192"
"326","V7193"
"327","V7194"
"328","V7195"
"329","V7196"
"330","V7197"
"331","V7198"
"332","V7222"
"333","V7221"
"334","V7223"
"335","V7327"
"336","V7516"
"337","V7517"
"338","V7518"
"339","V7519"
"340","V7329"
"341","V7330"
"342","V7331"
"343","V7332"
"344","V7334"
"345","V7335"
"346","V7232"
"347","V7233"
"348","V7301"
"349","V7333"
"350","V7251"
"351","V7252"
"352","V7384"
"353","V7385"
"354","V7386"
"355","V7496"
"356","V7497"
"357","V7387"
"358","V7498"
"359","V7388"
"360","V7389"
"361","V7499"
"362","V7390"
"363","V7391"
"364","V7392"
"365","V7393"
"366","V7394"
"367","V7395"
"368","V7396"
"369","V7397"
"370","V7500"
"371","V7398"
"372","V7399"
"373","V7400"
"374","V7556"
"375","V7522"
"376","V7523"
"377","V7524"
"378","V7525"
"379","V7526"
"380","V7527"
"381","V7528"
"382","V7529"
"383","V7530"
"384","V7531"
"385","V8537"
"386","V8538"
"387","V7537"
"388","V7253"
"389","V7228"
"390","V7229"
"391","V7230"
"392","V7231"
"393","V8539"
"394","V8516"
"395","V8522"
"396","V7509"
"397","V7510"
"398","V7511"
"399","V7512"
"400","V7513"
"401","V7514"
"402","V7515"
"403","V7234"
"404","V8543"
"405","V7534"
"406","V7535"
"407","V7536"
"408","V7538"
"409","V7224"
"410","V7225"
"411","V7227"
"412","V7226"
"413","V7235"
"414","V7238"
"415","V7236"
"416","V7237"
"417","V7374"
"418","V7240"
"419","V7309"
"420","V7310"
"421","V7311"
"422","V7312"
"423","V7313"
"424","V7378"
"425","V7379"
"426","V7380"
"427","V7319"
"428","V7325"
"429","V7317"
"430","V7318"
"431","V7320"
"432","V7321"
"433","V7322"
"434","V7323"
"435","V7381"
"436","V7324"
"437","V7326"
"438","V7214"
"439","V7239"
"440","V7539"
"441","V7552"
"442","V7544"
"443","V7545"
"444","V7546"
"445","V7551"
"446","V7553"
"447","V7562"
"448","V7563"
"449","V7341"
"450","V7343"
"451","V7532"
"452","V7533"
"453","V7339"
"454","V7340"
"455","V7401"
"456","V7402"
"457","V7219"
"458","V7220"
"459","V7255"
"460","V7241"
"461","V7242"
"462","V7243"
"463","V7244"
"464","V7258"
"465","V7375"
"466","V7254"
"467","V7259"
"468","V7260"
"469","V7261"
"470","V7262"
"471","V7565"
"472","V7302"
"473","V8512"
"474","V8502"
"475","V8505"
"476","V8509"
"477","V8514"
"478","V8536"
"479","V8501"
"480","V8504"
"481","V8508"
"482","V8503"
"483","V8507"
"484","V8511"
"485","V8513"
"486","V7501"
"487","V7502"
"488","V7504"
"489","V7505"
"490","V7507"
"491","V7508"
"492","V7503"
"493","V7506"
"494","V8555"
"495","V8556"
"496","V8557"
"497","V8558"
"498","V8565"
"499","V8566"
"500","V1252"
"501","V7202"
"502","V1070"
"503","V7215"
"504","V7216"
"505","V7217"
"506","V7206"
"507","V7207"
"508","V7208"
"509","V7205"
"510","V8517"
"511","V8518"
"512","V8519"
"513","V8520"
"514","V8521"
"515","V8523"
"516","V8515"
"517","V8526"
"518","V8527"
"519","V8528"
"520","V8529"
"521","V8530"
"522","V8531"
"523","V7555"
"524","V7101D"
"525","V7102D"
"526","V7105D"
"527","V7106D"
"528","V7107D"
"529","V7112D"
"530","V7113D"
"531","V7114D"
"532","V7115D"
"533","V7116D"
"534","V7117D"
"535","V7118D"
"536","V7119D"
"537","V7120D"
"538","V7127D"
"539","V7128D"
"540","V7129D"
"541","V7097D"
"542","V7098D"
"543","V7099D"
"544","V7133D"
"545","V7134D"
"546","V7135D"
"547","V7142D"
"548","V7143D"
"549","V7144D"
"550","V7139D"
"551","V7140D"
"552","V7141D"
"553","V7593"
"554","V7591"
"555","V7592"
"556","V7588"
"557","V7589"
"558","V7590"
"559","V7614"
"560","V7615"
"561","V7616"
"562","V7617"
"563","V7618"
"564","V7613"
"565","V7619"
"566","V7620"
"567","V7621"
"568","V7622"
"569","V7623"
"570","V7624"
"571","V7611"
"572","V7610"
"573","V7612"
"574","V7625"
"575","V7626"
"576","V7638"
"577","V7637"
"578","V7627"
"579","V7628"
"580","V7629"
"581","V7630"
"582","V7631"
"583","V7632"
"584","V7633"
"585","V7634"
"586","V7635"
"587","V7636"
"588","V7640"
"589","V7642"
"590","V7648"
"591","V7649"
"592","V7652"
"593","V7655"
"594","V7650"
"595","V7653"
"596","V7656"
"597","V7651"
"598","V7654"
"599","V7657"
"600","V7667"
"601","V7669"
"602","V7643"
"603","V7658"
"604","V7659"
"605","V7666"
"606","V7668"
"607","V7646"
"608","V7647"
"609","V7661"
"610","V7662"
"611","V7663"
"612","V7664"
"613","V7665"
"614","V7644"
"615","V7645"
"616","V7670"
"617","V7671"
"618","V7672"
"619","V7673"
